[
    {
        "chapter": 2,
        "verse": 25,
        "word": 1,
        "greek": "και",
        "english": "",
        "strongs": "G2532",
        "grammar": "CONJ"
    },
    {
        "chapter": 2,
        "verse": 25,
        "word": 2,
        "greek": "οτι",
        "english": "",
        "strongs": "G3754",
        "grammar": "CONJ"
    },
    {
        "chapter": 2,
        "verse": 25,
        "word": 3,
        "greek": "ου",
        "english": "",
        "strongs": "G3756",
        "grammar": "PRT-N"
    },
    {
        "chapter": 2,
        "verse": 25,
        "word": 4,
        "greek": "χρειαν",
        "english": "",
        "strongs": "G5532",
        "grammar": "N-ASF"
    },
    {
        "chapter": 2,
        "verse": 25,
        "word": 5,
        "greek": "ειχεν",
        "english": "",
        "strongs": "G2192",
        "grammar": "V-IAI-3S"
    },
    {
        "chapter": 2,
        "verse": 25,
        "word": 6,
        "greek": "ινα",
        "english": "",
        "strongs": "G2443",
        "grammar": "CONJ"
    },
    {
        "chapter": 2,
        "verse": 25,
        "word": 7,
        "greek": "τις",
        "english": "",
        "strongs": "G5100",
        "grammar": "X-NSM"
    },
    {
        "chapter": 2,
        "verse": 25,
        "word": 8,
        "greek": "μαρτυρηση",
        "english": "",
        "strongs": "G3140",
        "grammar": "V-AAS-3S"
    },
    {
        "chapter": 2,
        "verse": 25,
        "word": 9,
        "greek": "περι",
        "english": "",
        "strongs": "G4012",
        "grammar": "PREP"
    },
    {
        "chapter": 2,
        "verse": 25,
        "word": 10,
        "greek": "του",
        "english": "",
        "strongs": "G3588",
        "grammar": "T-GSM"
    },
    {
        "chapter": 2,
        "verse": 25,
        "word": 11,
        "greek": "ανθρωπου",
        "english": "",
        "strongs": "G444",
        "grammar": "N-GSM"
    },
    {
        "chapter": 2,
        "verse": 25,
        "word": 12,
        "greek": "αυτος",
        "english": "",
        "strongs": "G846",
        "grammar": "P-NSM"
    },
    {
        "chapter": 2,
        "verse": 25,
        "word": 13,
        "greek": "γαρ",
        "english": "",
        "strongs": "G1063",
        "grammar": "CONJ"
    },
    {
        "chapter": 2,
        "verse": 25,
        "word": 14,
        "greek": "εγινωσκεν",
        "english": "",
        "strongs": "G1097",
        "grammar": "V-IAI-3S"
    },
    {
        "chapter": 2,
        "verse": 25,
        "word": 15,
        "greek": "τι",
        "english": "",
        "strongs": "G5101",
        "grammar": "I-NSN"
    },
    {
        "chapter": 2,
        "verse": 25,
        "word": 16,
        "greek": "ην",
        "english": "",
        "strongs": "G1510",
        "grammar": "V-IAI-3S"
    },
    {
        "chapter": 2,
        "verse": 25,
        "word": 17,
        "greek": "εν",
        "english": "",
        "strongs": "G1722",
        "grammar": "PREP"
    },
    {
        "chapter": 2,
        "verse": 25,
        "word": 18,
        "greek": "τω",
        "english": "",
        "strongs": "G3588",
        "grammar": "T-DSM"
    },
    {
        "chapter": 2,
        "verse": 25,
        "word": 19,
        "greek": "ανθρωπω",
        "english": "",
        "strongs": "G444",
        "grammar": "N-DSM"
    }
]