[
    {
        "chapter": 3,
        "verse": 36,
        "word": 1,
        "greek": "ο",
        "english": "",
        "strongs": "G3588",
        "grammar": "T-NSM"
    },
    {
        "chapter": 3,
        "verse": 36,
        "word": 2,
        "greek": "πιστευων",
        "english": "",
        "strongs": "G4100",
        "grammar": "V-PAP-NSM"
    },
    {
        "chapter": 3,
        "verse": 36,
        "word": 3,
        "greek": "εις",
        "english": "",
        "strongs": "G1519",
        "grammar": "PREP"
    },
    {
        "chapter": 3,
        "verse": 36,
        "word": 4,
        "greek": "τον",
        "english": "",
        "strongs": "G3588",
        "grammar": "T-ASM"
    },
    {
        "chapter": 3,
        "verse": 36,
        "word": 5,
        "greek": "υιον",
        "english": "",
        "strongs": "G5207",
        "grammar": "N-ASM"
    },
    {
        "chapter": 3,
        "verse": 36,
        "word": 6,
        "greek": "εχει",
        "english": "",
        "strongs": "G2192",
        "grammar": "V-PAI-3S"
    },
    {
        "chapter": 3,
        "verse": 36,
        "word": 7,
        "greek": "ζωην",
        "english": "",
        "strongs": "G2222",
        "grammar": "N-ASF"
    },
    {
        "chapter": 3,
        "verse": 36,
        "word": 8,
        "greek": "αιωνιον",
        "english": "",
        "strongs": "G166",
        "grammar": "A-ASF"
    },
    {
        "chapter": 3,
        "verse": 36,
        "word": 9,
        "greek": "ο",
        "english": "",
        "strongs": "G3588",
        "grammar": "T-NSM"
    },
    {
        "chapter": 3,
        "verse": 36,
        "word": 10,
        "greek": "δε",
        "english": "",
        "strongs": "G1161",
        "grammar": "CONJ"
    },
    {
        "chapter": 3,
        "verse": 36,
        "word": 11,
        "greek": "απειθων",
        "english": "",
        "strongs": "G544",
        "grammar": "V-PAP-NSM"
    },
    {
        "chapter": 3,
        "verse": 36,
        "word": 12,
        "greek": "τω",
        "english": "",
        "strongs": "G3588",
        "grammar": "T-DSM"
    },
    {
        "chapter": 3,
        "verse": 36,
        "word": 13,
        "greek": "υιω",
        "english": "",
        "strongs": "G5207",
        "grammar": "N-DSM"
    },
    {
        "chapter": 3,
        "verse": 36,
        "word": 14,
        "greek": "ουκ",
        "english": "",
        "strongs": "G3756",
        "grammar": "PRT-N"
    },
    {
        "chapter": 3,
        "verse": 36,
        "word": 15,
        "greek": "οψεται",
        "english": "",
        "strongs": "G3708",
        "grammar": "V-FDI-3S"
    },
    {
        "chapter": 3,
        "verse": 36,
        "word": 16,
        "greek": "ζωην",
        "english": "",
        "strongs": "G2222",
        "grammar": "N-ASF"
    },
    {
        "chapter": 3,
        "verse": 36,
        "word": 17,
        "greek": "αλλ",
        "english": "",
        "strongs": "G235",
        "grammar": "CONJ"
    },
    {
        "chapter": 3,
        "verse": 36,
        "word": 18,
        "greek": "η",
        "english": "",
        "strongs": "G3588",
        "grammar": "T-NSF"
    },
    {
        "chapter": 3,
        "verse": 36,
        "word": 19,
        "greek": "οργη",
        "english": "",
        "strongs": "G3709",
        "grammar": "N-NSF"
    },
    {
        "chapter": 3,
        "verse": 36,
        "word": 20,
        "greek": "του",
        "english": "",
        "strongs": "G3588",
        "grammar": "T-GSM"
    },
    {
        "chapter": 3,
        "verse": 36,
        "word": 21,
        "greek": "θεου",
        "english": "",
        "strongs": "G2316",
        "grammar": "N-GSM"
    },
    {
        "chapter": 3,
        "verse": 36,
        "word": 22,
        "greek": "μενει",
        "english": "",
        "strongs": "G3306",
        "grammar": "V-PAI-3S"
    },
    {
        "chapter": 3,
        "verse": 36,
        "word": 23,
        "greek": "επ",
        "english": "",
        "strongs": "G1909",
        "grammar": "PREP"
    },
    {
        "chapter": 3,
        "verse": 36,
        "word": 24,
        "greek": "αυτον",
        "english": "",
        "strongs": "G846",
        "grammar": "P-ASM"
    }
]