[
    {
        "chapter": 5,
        "verse": 47,
        "word": 1,
        "greek": "ει",
        "english": "",
        "strongs": "G1487",
        "grammar": "COND"
    },
    {
        "chapter": 5,
        "verse": 47,
        "word": 2,
        "greek": "δε",
        "english": "",
        "strongs": "G1161",
        "grammar": "CONJ"
    },
    {
        "chapter": 5,
        "verse": 47,
        "word": 3,
        "greek": "τοις",
        "english": "",
        "strongs": "G3588",
        "grammar": "T-DPN"
    },
    {
        "chapter": 5,
        "verse": 47,
        "word": 4,
        "greek": "εκεινου",
        "english": "",
        "strongs": "G1565",
        "grammar": "D-GSM"
    },
    {
        "chapter": 5,
        "verse": 47,
        "word": 5,
        "greek": "γραμμασιν",
        "english": "",
        "strongs": "G1121",
        "grammar": "N-DPN"
    },
    {
        "chapter": 5,
        "verse": 47,
        "word": 6,
        "greek": "ου",
        "english": "",
        "strongs": "G3756",
        "grammar": "PRT-N"
    },
    {
        "chapter": 5,
        "verse": 47,
        "word": 7,
        "greek": "πιστευετε",
        "english": "",
        "strongs": "G4100",
        "grammar": "V-PAI-2P"
    },
    {
        "chapter": 5,
        "verse": 47,
        "word": 8,
        "greek": "πως",
        "english": "",
        "strongs": "G4459",
        "grammar": "ADV-I"
    },
    {
        "chapter": 5,
        "verse": 47,
        "word": 9,
        "greek": "τοις",
        "english": "",
        "strongs": "G3588",
        "grammar": "T-DPN"
    },
    {
        "chapter": 5,
        "verse": 47,
        "word": 10,
        "greek": "εμοις",
        "english": "",
        "strongs": "G1699",
        "grammar": "S-1SDPN"
    },
    {
        "chapter": 5,
        "verse": 47,
        "word": 11,
        "greek": "ρημασιν",
        "english": "",
        "strongs": "G4487",
        "grammar": "N-DPN"
    },
    {
        "chapter": 5,
        "verse": 47,
        "word": 12,
        "greek": "πιστευσετε",
        "english": "",
        "strongs": "G4100",
        "grammar": "V-FAI-2P"
    }
]