[
    {
        "chapter": 19,
        "verse": 42,
        "word": 1,
        "greek": "εκει",
        "english": "",
        "strongs": "G1563",
        "grammar": "ADV"
    },
    {
        "chapter": 19,
        "verse": 42,
        "word": 2,
        "greek": "ουν",
        "english": "",
        "strongs": "G3767",
        "grammar": "CONJ"
    },
    {
        "chapter": 19,
        "verse": 42,
        "word": 3,
        "greek": "δια",
        "english": "",
        "strongs": "G1223",
        "grammar": "PREP"
    },
    {
        "chapter": 19,
        "verse": 42,
        "word": 4,
        "greek": "την",
        "english": "",
        "strongs": "G3588",
        "grammar": "T-ASF"
    },
    {
        "chapter": 19,
        "verse": 42,
        "word": 5,
        "greek": "παρασκευην",
        "english": "",
        "strongs": "G3904",
        "grammar": "N-ASF"
    },
    {
        "chapter": 19,
        "verse": 42,
        "word": 6,
        "greek": "των",
        "english": "",
        "strongs": "G3588",
        "grammar": "T-GPM"
    },
    {
        "chapter": 19,
        "verse": 42,
        "word": 7,
        "greek": "ιουδαιων",
        "english": "",
        "strongs": "G2453",
        "grammar": "A-GPM"
    },
    {
        "chapter": 19,
        "verse": 42,
        "word": 8,
        "greek": "οτι",
        "english": "",
        "strongs": "G3754",
        "grammar": "CONJ"
    },
    {
        "chapter": 19,
        "verse": 42,
        "word": 9,
        "greek": "εγγυς",
        "english": "",
        "strongs": "G1451",
        "grammar": "ADV"
    },
    {
        "chapter": 19,
        "verse": 42,
        "word": 10,
        "greek": "ην",
        "english": "",
        "strongs": "G1510",
        "grammar": "V-IAI-3S"
    },
    {
        "chapter": 19,
        "verse": 42,
        "word": 11,
        "greek": "το",
        "english": "",
        "strongs": "G3588",
        "grammar": "T-NSN"
    },
    {
        "chapter": 19,
        "verse": 42,
        "word": 12,
        "greek": "μνημειον",
        "english": "",
        "strongs": "G3419",
        "grammar": "N-NSN"
    },
    {
        "chapter": 19,
        "verse": 42,
        "word": 13,
        "greek": "εθηκαν",
        "english": "",
        "strongs": "G5087",
        "grammar": "V-AAI-3P"
    },
    {
        "chapter": 19,
        "verse": 42,
        "word": 14,
        "greek": "τον",
        "english": "",
        "strongs": "G3588",
        "grammar": "T-ASM"
    },
    {
        "chapter": 19,
        "verse": 42,
        "word": 15,
        "greek": "ιησουν",
        "english": "",
        "strongs": "G2424",
        "grammar": "N-ASM"
    }
]