[
    {
        "chapter": 7,
        "verse": 53,
        "word": 1,
        "greek": "και",
        "english": "",
        "strongs": "G2532",
        "grammar": "CONJ"
    },
    {
        "chapter": 7,
        "verse": 53,
        "word": 2,
        "greek": "επορευθη",
        "english": "",
        "strongs": "G4198",
        "grammar": "V-AOI-3S"
    },
    {
        "chapter": 7,
        "verse": 53,
        "word": 3,
        "greek": "εκαστος",
        "english": "",
        "strongs": "G1538",
        "grammar": "A-NSM"
    },
    {
        "chapter": 7,
        "verse": 53,
        "word": 4,
        "greek": "εις",
        "english": "",
        "strongs": "G1519",
        "grammar": "PREP"
    },
    {
        "chapter": 7,
        "verse": 53,
        "word": 5,
        "greek": "τον",
        "english": "",
        "strongs": "G3588",
        "grammar": "T-ASM"
    },
    {
        "chapter": 7,
        "verse": 53,
        "word": 6,
        "greek": "οικον",
        "english": "",
        "strongs": "G3624",
        "grammar": "N-ASM"
    },
    {
        "chapter": 7,
        "verse": 53,
        "word": 7,
        "greek": "αυτου",
        "english": "",
        "strongs": "G846",
        "grammar": "P-GSM"
    }
]