[
    {
        "chapter": 18,
        "verse": 40,
        "word": 1,
        "greek": "εκραυγασαν",
        "english": "",
        "strongs": "G2905",
        "grammar": "V-AAI-3P"
    },
    {
        "chapter": 18,
        "verse": 40,
        "word": 2,
        "greek": "ουν",
        "english": "",
        "strongs": "G3767",
        "grammar": "CONJ"
    },
    {
        "chapter": 18,
        "verse": 40,
        "word": 3,
        "greek": "παλιν",
        "english": "",
        "strongs": "G3825",
        "grammar": "ADV"
    },
    {
        "chapter": 18,
        "verse": 40,
        "word": 4,
        "greek": "παντες",
        "english": "",
        "strongs": "G3956",
        "grammar": "A-NPM"
    },
    {
        "chapter": 18,
        "verse": 40,
        "word": 5,
        "greek": "λεγοντες",
        "english": "",
        "strongs": "G3004",
        "grammar": "V-PAP-NPM"
    },
    {
        "chapter": 18,
        "verse": 40,
        "word": 6,
        "greek": "μη",
        "english": "",
        "strongs": "G3361",
        "grammar": "PRT-N"
    },
    {
        "chapter": 18,
        "verse": 40,
        "word": 7,
        "greek": "τουτον",
        "english": "",
        "strongs": "G3778",
        "grammar": "D-ASM"
    },
    {
        "chapter": 18,
        "verse": 40,
        "word": 8,
        "greek": "αλλα",
        "english": "",
        "strongs": "G235",
        "grammar": "CONJ"
    },
    {
        "chapter": 18,
        "verse": 40,
        "word": 9,
        "greek": "τον",
        "english": "",
        "strongs": "G3588",
        "grammar": "T-ASM"
    },
    {
        "chapter": 18,
        "verse": 40,
        "word": 10,
        "greek": "βαραββαν",
        "english": "",
        "strongs": "G912",
        "grammar": "N-ASM"
    },
    {
        "chapter": 18,
        "verse": 40,
        "word": 11,
        "greek": "ην",
        "english": "",
        "strongs": "G1510",
        "grammar": "V-IAI-3S"
    },
    {
        "chapter": 18,
        "verse": 40,
        "word": 12,
        "greek": "δε",
        "english": "",
        "strongs": "G1161",
        "grammar": "CONJ"
    },
    {
        "chapter": 18,
        "verse": 40,
        "word": 13,
        "greek": "ο",
        "english": "",
        "strongs": "G3588",
        "grammar": "T-NSM"
    },
    {
        "chapter": 18,
        "verse": 40,
        "word": 14,
        "greek": "βαραββας",
        "english": "",
        "strongs": "G912",
        "grammar": "N-NSM"
    },
    {
        "chapter": 18,
        "verse": 40,
        "word": 15,
        "greek": "ληστης",
        "english": "",
        "strongs": "G3027",
        "grammar": "N-NSM"
    }
]