[
    {
        "chapter": 17,
        "verse": 26,
        "word": 1,
        "greek": "και",
        "english": "",
        "strongs": "G2532",
        "grammar": "CONJ"
    },
    {
        "chapter": 17,
        "verse": 26,
        "word": 2,
        "greek": "εγνωρισα",
        "english": "",
        "strongs": "G1107",
        "grammar": "V-AAI-1S"
    },
    {
        "chapter": 17,
        "verse": 26,
        "word": 3,
        "greek": "αυτοις",
        "english": "",
        "strongs": "G846",
        "grammar": "P-DPM"
    },
    {
        "chapter": 17,
        "verse": 26,
        "word": 4,
        "greek": "το",
        "english": "",
        "strongs": "G3588",
        "grammar": "T-ASN"
    },
    {
        "chapter": 17,
        "verse": 26,
        "word": 5,
        "greek": "ονομα",
        "english": "",
        "strongs": "G3686",
        "grammar": "N-ASN"
    },
    {
        "chapter": 17,
        "verse": 26,
        "word": 6,
        "greek": "σου",
        "english": "",
        "strongs": "G4771",
        "grammar": "P-2GS"
    },
    {
        "chapter": 17,
        "verse": 26,
        "word": 7,
        "greek": "και",
        "english": "",
        "strongs": "G2532",
        "grammar": "CONJ"
    },
    {
        "chapter": 17,
        "verse": 26,
        "word": 8,
        "greek": "γνωρισω",
        "english": "",
        "strongs": "G1107",
        "grammar": "V-FAI-1S"
    },
    {
        "chapter": 17,
        "verse": 26,
        "word": 9,
        "greek": "ινα",
        "english": "",
        "strongs": "G2443",
        "grammar": "CONJ"
    },
    {
        "chapter": 17,
        "verse": 26,
        "word": 10,
        "greek": "η",
        "english": "",
        "strongs": "G3588",
        "grammar": "T-NSF"
    },
    {
        "chapter": 17,
        "verse": 26,
        "word": 11,
        "greek": "αγαπη",
        "english": "",
        "strongs": "G26",
        "grammar": "N-NSF"
    },
    {
        "chapter": 17,
        "verse": 26,
        "word": 12,
        "greek": "ην",
        "english": "",
        "strongs": "G3739",
        "grammar": "R-ASF"
    },
    {
        "chapter": 17,
        "verse": 26,
        "word": 13,
        "greek": "ηγαπησας",
        "english": "",
        "strongs": "G25",
        "grammar": "V-AAI-2S"
    },
    {
        "chapter": 17,
        "verse": 26,
        "word": 14,
        "greek": "με",
        "english": "",
        "strongs": "G1473",
        "grammar": "P-1AS"
    },
    {
        "chapter": 17,
        "verse": 26,
        "word": 15,
        "greek": "εν",
        "english": "",
        "strongs": "G1722",
        "grammar": "PREP"
    },
    {
        "chapter": 17,
        "verse": 26,
        "word": 16,
        "greek": "αυτοις",
        "english": "",
        "strongs": "G846",
        "grammar": "P-DPM"
    },
    {
        "chapter": 17,
        "verse": 26,
        "word": 17,
        "greek": "η",
        "english": "",
        "strongs": "G1510",
        "grammar": "V-PAS-3S"
    },
    {
        "chapter": 17,
        "verse": 26,
        "word": 18,
        "greek": "καγω",
        "english": "",
        "strongs": "G2504",
        "grammar": "P-1NS-K"
    },
    {
        "chapter": 17,
        "verse": 26,
        "word": 19,
        "greek": "εν",
        "english": "",
        "strongs": "G1722",
        "grammar": "PREP"
    },
    {
        "chapter": 17,
        "verse": 26,
        "word": 20,
        "greek": "αυτοις",
        "english": "",
        "strongs": "G846",
        "grammar": "P-DPM"
    }
]