[
    {
        "chapter": 9,
        "verse": 41,
        "word": 1,
        "greek": "ειπεν",
        "english": "",
        "strongs": "G3004",
        "grammar": "V-2AAI-3S"
    },
    {
        "chapter": 9,
        "verse": 41,
        "word": 2,
        "greek": "αυτοις",
        "english": "",
        "strongs": "G846",
        "grammar": "P-DPM"
    },
    {
        "chapter": 9,
        "verse": 41,
        "word": 3,
        "greek": "ο",
        "english": "",
        "strongs": "G3588",
        "grammar": "T-NSM"
    },
    {
        "chapter": 9,
        "verse": 41,
        "word": 4,
        "greek": "ιησους",
        "english": "",
        "strongs": "G2424",
        "grammar": "N-NSM"
    },
    {
        "chapter": 9,
        "verse": 41,
        "word": 5,
        "greek": "ει",
        "english": "",
        "strongs": "G1487",
        "grammar": "COND"
    },
    {
        "chapter": 9,
        "verse": 41,
        "word": 6,
        "greek": "τυφλοι",
        "english": "",
        "strongs": "G5185",
        "grammar": "A-NPM"
    },
    {
        "chapter": 9,
        "verse": 41,
        "word": 7,
        "greek": "ητε",
        "english": "",
        "strongs": "G1510",
        "grammar": "V-IAI-2P"
    },
    {
        "chapter": 9,
        "verse": 41,
        "word": 8,
        "greek": "ουκ",
        "english": "",
        "strongs": "G3756",
        "grammar": "PRT-N"
    },
    {
        "chapter": 9,
        "verse": 41,
        "word": 9,
        "greek": "αν",
        "english": "",
        "strongs": "G302",
        "grammar": "PRT"
    },
    {
        "chapter": 9,
        "verse": 41,
        "word": 10,
        "greek": "ειχετε",
        "english": "",
        "strongs": "G2192",
        "grammar": "V-IAI-2P"
    },
    {
        "chapter": 9,
        "verse": 41,
        "word": 11,
        "greek": "αμαρτιαν",
        "english": "",
        "strongs": "G266",
        "grammar": "N-ASF"
    },
    {
        "chapter": 9,
        "verse": 41,
        "word": 12,
        "greek": "νυν",
        "english": "",
        "strongs": "G3568",
        "grammar": "ADV"
    },
    {
        "chapter": 9,
        "verse": 41,
        "word": 13,
        "greek": "δε",
        "english": "",
        "strongs": "G1161",
        "grammar": "CONJ"
    },
    {
        "chapter": 9,
        "verse": 41,
        "word": 14,
        "greek": "λεγετε",
        "english": "",
        "strongs": "G3004",
        "grammar": "V-PAI-2P"
    },
    {
        "chapter": 9,
        "verse": 41,
        "word": 15,
        "greek": "οτι",
        "english": "",
        "strongs": "G3754",
        "grammar": "CONJ"
    },
    {
        "chapter": 9,
        "verse": 41,
        "word": 16,
        "greek": "βλεπομεν",
        "english": "",
        "strongs": "G991",
        "grammar": "V-PAI-1P"
    },
    {
        "chapter": 9,
        "verse": 41,
        "word": 17,
        "greek": "η",
        "english": "",
        "strongs": "G3588",
        "grammar": "T-NSF"
    },
    {
        "chapter": 9,
        "verse": 41,
        "word": 18,
        "greek": "ουν",
        "english": "",
        "strongs": "G3767",
        "grammar": "CONJ"
    },
    {
        "chapter": 9,
        "verse": 41,
        "word": 19,
        "greek": "αμαρτια",
        "english": "",
        "strongs": "G266",
        "grammar": "N-NSF"
    },
    {
        "chapter": 9,
        "verse": 41,
        "word": 20,
        "greek": "υμων",
        "english": "",
        "strongs": "G4771",
        "grammar": "P-2GP"
    },
    {
        "chapter": 9,
        "verse": 41,
        "word": 21,
        "greek": "μενει",
        "english": "",
        "strongs": "G3306",
        "grammar": "V-PAI-3S"
    }
]