[
    {
        "chapter": 10,
        "verse": 42,
        "word": 1,
        "greek": "και",
        "english": "",
        "strongs": "G2532",
        "grammar": "CONJ"
    },
    {
        "chapter": 10,
        "verse": 42,
        "word": 2,
        "greek": "επιστευσαν",
        "english": "",
        "strongs": "G4100",
        "grammar": "V-AAI-3P"
    },
    {
        "chapter": 10,
        "verse": 42,
        "word": 3,
        "greek": "πολλοι",
        "english": "",
        "strongs": "G4183",
        "grammar": "A-NPM"
    },
    {
        "chapter": 10,
        "verse": 42,
        "word": 4,
        "greek": "εκει",
        "english": "",
        "strongs": "G1563",
        "grammar": "ADV"
    },
    {
        "chapter": 10,
        "verse": 42,
        "word": 5,
        "greek": "εις",
        "english": "",
        "strongs": "G1519",
        "grammar": "PREP"
    },
    {
        "chapter": 10,
        "verse": 42,
        "word": 6,
        "greek": "αυτον",
        "english": "",
        "strongs": "G846",
        "grammar": "P-ASM"
    }
]