[
    {
        "chapter": 13,
        "verse": 38,
        "word": 1,
        "greek": "απεκριθη",
        "english": "",
        "strongs": "G611",
        "grammar": "V-ADI-3S"
    },
    {
        "chapter": 13,
        "verse": 38,
        "word": 2,
        "greek": "αυτω",
        "english": "",
        "strongs": "G846",
        "grammar": "P-DSM"
    },
    {
        "chapter": 13,
        "verse": 38,
        "word": 3,
        "greek": "ο",
        "english": "",
        "strongs": "G3588",
        "grammar": "T-NSM"
    },
    {
        "chapter": 13,
        "verse": 38,
        "word": 4,
        "greek": "ιησους",
        "english": "",
        "strongs": "G2424",
        "grammar": "N-NSM"
    },
    {
        "chapter": 13,
        "verse": 38,
        "word": 5,
        "greek": "την",
        "english": "",
        "strongs": "G3588",
        "grammar": "T-ASF"
    },
    {
        "chapter": 13,
        "verse": 38,
        "word": 6,
        "greek": "ψυχην",
        "english": "",
        "strongs": "G5590",
        "grammar": "N-ASF"
    },
    {
        "chapter": 13,
        "verse": 38,
        "word": 7,
        "greek": "σου",
        "english": "",
        "strongs": "G4771",
        "grammar": "P-2GS"
    },
    {
        "chapter": 13,
        "verse": 38,
        "word": 8,
        "greek": "υπερ",
        "english": "",
        "strongs": "G5228",
        "grammar": "PREP"
    },
    {
        "chapter": 13,
        "verse": 38,
        "word": 9,
        "greek": "εμου",
        "english": "",
        "strongs": "G1473",
        "grammar": "P-1GS"
    },
    {
        "chapter": 13,
        "verse": 38,
        "word": 10,
        "greek": "θησεις",
        "english": "",
        "strongs": "G5087",
        "grammar": "V-FAI-2S"
    },
    {
        "chapter": 13,
        "verse": 38,
        "word": 11,
        "greek": "αμην",
        "english": "",
        "strongs": "G281",
        "grammar": "HEB"
    },
    {
        "chapter": 13,
        "verse": 38,
        "word": 12,
        "greek": "αμην",
        "english": "",
        "strongs": "G281",
        "grammar": "HEB"
    },
    {
        "chapter": 13,
        "verse": 38,
        "word": 13,
        "greek": "λεγω",
        "english": "",
        "strongs": "G3004",
        "grammar": "V-PAI-1S"
    },
    {
        "chapter": 13,
        "verse": 38,
        "word": 14,
        "greek": "σοι",
        "english": "",
        "strongs": "G4771",
        "grammar": "P-2DS"
    },
    {
        "chapter": 13,
        "verse": 38,
        "word": 15,
        "greek": "ου",
        "english": "",
        "strongs": "G3756",
        "grammar": "PRT-N"
    },
    {
        "chapter": 13,
        "verse": 38,
        "word": 16,
        "greek": "μη",
        "english": "",
        "strongs": "G3361",
        "grammar": "PRT-N"
    },
    {
        "chapter": 13,
        "verse": 38,
        "word": 17,
        "greek": "αλεκτωρ",
        "english": "",
        "strongs": "G220",
        "grammar": "N-NSM"
    },
    {
        "chapter": 13,
        "verse": 38,
        "word": 18,
        "greek": "φωνηση",
        "english": "",
        "strongs": "G5455",
        "grammar": "V-AAS-3S"
    },
    {
        "chapter": 13,
        "verse": 38,
        "word": 19,
        "greek": "εως",
        "english": "",
        "strongs": "G2193",
        "grammar": "ADV"
    },
    {
        "chapter": 13,
        "verse": 38,
        "word": 20,
        "greek": "ου",
        "english": "",
        "strongs": "G3739",
        "grammar": "R-GSM"
    },
    {
        "chapter": 13,
        "verse": 38,
        "word": 21,
        "greek": "απαρνηση",
        "english": "",
        "strongs": "G533",
        "grammar": "V-FDI-2S"
    },
    {
        "chapter": 13,
        "verse": 38,
        "word": 22,
        "greek": "με",
        "english": "",
        "strongs": "G1473",
        "grammar": "P-1AS"
    },
    {
        "chapter": 13,
        "verse": 38,
        "word": 23,
        "greek": "τρις",
        "english": "",
        "strongs": "G5151",
        "grammar": "ADV"
    }
]