[
    {
        "chapter": 14,
        "verse": 31,
        "word": 1,
        "greek": "αλλ",
        "english": "",
        "strongs": "G235",
        "grammar": "CONJ"
    },
    {
        "chapter": 14,
        "verse": 31,
        "word": 2,
        "greek": "ινα",
        "english": "",
        "strongs": "G2443",
        "grammar": "CONJ"
    },
    {
        "chapter": 14,
        "verse": 31,
        "word": 3,
        "greek": "γνω",
        "english": "",
        "strongs": "G1097",
        "grammar": "V-2AAS-3S"
    },
    {
        "chapter": 14,
        "verse": 31,
        "word": 4,
        "greek": "ο",
        "english": "",
        "strongs": "G3588",
        "grammar": "T-NSM"
    },
    {
        "chapter": 14,
        "verse": 31,
        "word": 5,
        "greek": "κοσμος",
        "english": "",
        "strongs": "G2889",
        "grammar": "N-NSM"
    },
    {
        "chapter": 14,
        "verse": 31,
        "word": 6,
        "greek": "οτι",
        "english": "",
        "strongs": "G3754",
        "grammar": "CONJ"
    },
    {
        "chapter": 14,
        "verse": 31,
        "word": 7,
        "greek": "αγαπω",
        "english": "",
        "strongs": "G25",
        "grammar": "V-PAI-1S"
    },
    {
        "chapter": 14,
        "verse": 31,
        "word": 8,
        "greek": "τον",
        "english": "",
        "strongs": "G3588",
        "grammar": "T-ASM"
    },
    {
        "chapter": 14,
        "verse": 31,
        "word": 9,
        "greek": "πατερα",
        "english": "",
        "strongs": "G3962",
        "grammar": "N-ASM"
    },
    {
        "chapter": 14,
        "verse": 31,
        "word": 10,
        "greek": "και",
        "english": "",
        "strongs": "G2532",
        "grammar": "CONJ"
    },
    {
        "chapter": 14,
        "verse": 31,
        "word": 11,
        "greek": "καθως",
        "english": "",
        "strongs": "G2531",
        "grammar": "ADV"
    },
    {
        "chapter": 14,
        "verse": 31,
        "word": 12,
        "greek": "ενετειλατο",
        "english": "",
        "strongs": "G1781",
        "grammar": "V-ADI-3S"
    },
    {
        "chapter": 14,
        "verse": 31,
        "word": 13,
        "greek": "μοι",
        "english": "",
        "strongs": "G1473",
        "grammar": "P-1DS"
    },
    {
        "chapter": 14,
        "verse": 31,
        "word": 14,
        "greek": "ο",
        "english": "",
        "strongs": "G3588",
        "grammar": "T-NSM"
    },
    {
        "chapter": 14,
        "verse": 31,
        "word": 15,
        "greek": "πατηρ",
        "english": "",
        "strongs": "G3962",
        "grammar": "N-NSM"
    },
    {
        "chapter": 14,
        "verse": 31,
        "word": 16,
        "greek": "ουτως",
        "english": "",
        "strongs": "G3779",
        "grammar": "ADV"
    },
    {
        "chapter": 14,
        "verse": 31,
        "word": 17,
        "greek": "ποιω",
        "english": "",
        "strongs": "G4160",
        "grammar": "V-PAI-1S"
    },
    {
        "chapter": 14,
        "verse": 31,
        "word": 18,
        "greek": "εγειρεσθε",
        "english": "",
        "strongs": "G1453",
        "grammar": "V-PEM-2P"
    },
    {
        "chapter": 14,
        "verse": 31,
        "word": 19,
        "greek": "αγωμεν",
        "english": "",
        "strongs": "G71",
        "grammar": "V-PAS-1P"
    },
    {
        "chapter": 14,
        "verse": 31,
        "word": 20,
        "greek": "εντευθεν",
        "english": "",
        "strongs": "G1782",
        "grammar": "ADV"
    }
]