[
    {
        "chapter": 15,
        "verse": 27,
        "word": 1,
        "greek": "και",
        "english": "",
        "strongs": "G2532",
        "grammar": "CONJ"
    },
    {
        "chapter": 15,
        "verse": 27,
        "word": 2,
        "greek": "υμεις",
        "english": "",
        "strongs": "G4771",
        "grammar": "P-2NP"
    },
    {
        "chapter": 15,
        "verse": 27,
        "word": 3,
        "greek": "δε",
        "english": "",
        "strongs": "G1161",
        "grammar": "CONJ"
    },
    {
        "chapter": 15,
        "verse": 27,
        "word": 4,
        "greek": "μαρτυρειτε",
        "english": "",
        "strongs": "G3140",
        "grammar": "V-PAI-2P"
    },
    {
        "chapter": 15,
        "verse": 27,
        "word": 5,
        "greek": "οτι",
        "english": "",
        "strongs": "G3754",
        "grammar": "CONJ"
    },
    {
        "chapter": 15,
        "verse": 27,
        "word": 6,
        "greek": "απ",
        "english": "",
        "strongs": "G575",
        "grammar": "PREP"
    },
    {
        "chapter": 15,
        "verse": 27,
        "word": 7,
        "greek": "αρχης",
        "english": "",
        "strongs": "G746",
        "grammar": "N-GSF"
    },
    {
        "chapter": 15,
        "verse": 27,
        "word": 8,
        "greek": "μετ",
        "english": "",
        "strongs": "G3326",
        "grammar": "PREP"
    },
    {
        "chapter": 15,
        "verse": 27,
        "word": 9,
        "greek": "εμου",
        "english": "",
        "strongs": "G1473",
        "grammar": "P-1GS"
    },
    {
        "chapter": 15,
        "verse": 27,
        "word": 10,
        "greek": "εστε",
        "english": "",
        "strongs": "G1510",
        "grammar": "V-PAI-2P"
    }
]